rx_file,rx_start_utc,axis_angle_deg,speed_err_pct,rim_spread_mhz,rim_n
stockert_eme_2025_06_21_08_48_35_1299.500MHz_0.25Msps_ci16_le.chan1.sigmf-meta,2025-06-21T08:48:35.000,0.0254,-0.034,33.97,230
stockert_eme_2025_06_21_08_54_34_1299.500MHz_0.25Msps_ci16_le.chan1.sigmf-meta,2025-06-21T08:54:34.000,0.0256,-0.034,-10.9,438
stockert_eme_2025_06_21_08_55_33_1299.500MHz_0.25Msps_ci16_le.chan1.sigmf-meta,2025-06-21T08:55:33.000,0.0257,-0.035,-10.28,400
stockert_eme_2025_06_21_08_56_32_1299.500MHz_0.25Msps_ci16_le.chan1.sigmf-meta,2025-06-21T08:56:32.000,0.0258,-0.035,-17.84,440
stockert_eme_2025_06_21_08_57_31_1299.500MHz_0.25Msps_ci16_le.chan1.sigmf-meta,2025-06-21T08:57:31.000,0.0257,-0.035,-25.08,425
stockert_eme_2025_06_21_08_58_30_1299.500MHz_0.25Msps_ci16_le.chan1.sigmf-meta,2025-06-21T08:58:30.000,0.0259,-0.035,-11.96,436
stockert_eme_2025_06_21_08_59_29_1299.500MHz_0.25Msps_ci16_le.chan1.sigmf-meta,2025-06-21T08:59:29.000,0.0258,-0.035,-8.24,337
stockert_eme_2025_06_21_09_00_28_1299.500MHz_0.25Msps_ci16_le.chan1.sigmf-meta,2025-06-21T09:00:28.000,0.026,-0.036,-14.27,424
stockert_eme_2025_06_21_09_01_27_1299.500MHz_0.25Msps_ci16_le.chan1.sigmf-meta,2025-06-21T09:01:27.000,0.0259,-0.035,-19.21,435
stockert_eme_2025_06_21_09_02_26_1299.500MHz_0.25Msps_ci16_le.chan1.sigmf-meta,2025-06-21T09:02:26.000,0.0261,-0.036,-18.94,438
stockert_eme_2025_06_21_09_03_25_1299.500MHz_0.25Msps_ci16_le.chan1.sigmf-meta,2025-06-21T09:03:25.000,0.0261,-0.036,-7.05,354
stockert_eme_2025_06_21_09_06_52_1299.500MHz_0.25Msps_ci16_le.chan1.sigmf-meta,2025-06-21T09:06:52.000,0.0264,-0.037,-13.18,447
stockert_eme_2025_06_21_09_46_51_1299.500MHz_0.25Msps_ci16_le.chan1.sigmf-meta,2025-06-21T09:46:51.000,0.0298,-0.045,-10.51,453
stockert_eme_2025_06_21_09_47_50_1299.500MHz_0.25Msps_ci16_le.chan1.sigmf-meta,2025-06-21T09:47:50.000,0.0299,-0.045,-5.83,389
stockert_eme_2025_06_21_09_48_49_1299.500MHz_0.25Msps_ci16_le.chan1.sigmf-meta,2025-06-21T09:48:49.000,0.03,-0.046,-8.03,410
stockert_eme_2025_06_21_09_49_48_1299.500MHz_0.25Msps_ci16_le.chan1.sigmf-meta,2025-06-21T09:49:48.000,0.0301,-0.046,-15.69,458
stockert_eme_2025_06_21_09_50_47_1299.500MHz_0.25Msps_ci16_le.chan1.sigmf-meta,2025-06-21T09:50:47.000,0.0304,-0.046,-17.93,453
stockert_eme_2025_06_21_09_51_46_1299.500MHz_0.25Msps_ci16_le.chan1.sigmf-meta,2025-06-21T09:51:46.000,0.0305,-0.047,-0.01,342
stockert_eme_2025_06_21_09_52_45_1299.500MHz_0.25Msps_ci16_le.chan1.sigmf-meta,2025-06-21T09:52:45.000,0.0306,-0.047,-8.2,398
stockert_eme_2025_06_21_09_53_44_1299.500MHz_0.25Msps_ci16_le.chan1.sigmf-meta,2025-06-21T09:53:44.000,0.0308,-0.047,-21.14,461
stockert_eme_2025_06_21_09_54_43_1299.500MHz_0.25Msps_ci16_le.chan1.sigmf-meta,2025-06-21T09:54:43.000,0.031,-0.047,-13.59,464
stockert_eme_2025_06_21_09_55_42_1299.500MHz_0.25Msps_ci16_le.chan1.sigmf-meta,2025-06-21T09:55:42.000,0.0309,-0.048,-21.47,454
stockert_eme_2025_06_21_09_58_25_1299.500MHz_0.25Msps_ci16_le.chan1.sigmf-meta,2025-06-21T09:58:25.000,0.0313,-0.048,25.83,237
stockert_eme_2025_06_21_10_01_49_1299.500MHz_0.25Msps_ci16_le.chan1.sigmf-meta,2025-06-21T10:01:49.000,0.0319,-0.049,-20.16,453
stockert_eme_2025_06_21_10_06_39_1299.500MHz_0.25Msps_ci16_le.chan1.sigmf-meta,2025-06-21T10:06:39.000,0.0328,-0.051,0.47,323
stockert_eme_2025_06_21_10_09_25_1299.500MHz_0.25Msps_ci16_le.chan1.sigmf-meta,2025-06-21T10:09:25.000,0.0332,-0.052,36.25,204
stockert_eme_2025_06_21_10_11_46_1299.500MHz_0.25Msps_ci16_le.chan1.sigmf-meta,2025-06-21T10:11:46.000,0.0336,-0.052,-10.1,465
stockert_eme_2025_06_21_10_14_34_1299.500MHz_0.25Msps_ci16_le.chan1.sigmf-meta,2025-06-21T10:14:34.000,0.034,-0.053,29.88,144
stockert_eme_2025_06_21_10_17_40_1299.500MHz_0.25Msps_ci16_le.chan1.sigmf-meta,2025-06-21T10:17:40.000,0.0349,-0.055,29.12,144
stockert_eme_2025_06_21_10_26_29_1299.500MHz_0.25Msps_ci16_le.chan1.sigmf-meta,2025-06-21T10:26:29.000,0.0366,-0.058,-20.88,469
stockert_eme_2025_06_21_10_44_00_1299.500MHz_0.25Msps_ci16_le.chan1.sigmf-meta,2025-06-21T10:44:00.000,0.0416,-0.065,,0
stockert_eme_2025_06_21_11_18_31_1299.500MHz_0.25Msps_ci16_le.chan1.sigmf-meta,2025-06-21T11:18:31.000,0.058,-0.084,13.9,225
stockert_eme_2025_06_21_11_24_12_1299.500MHz_0.25Msps_ci16_le.chan1.sigmf-meta,2025-06-21T11:24:12.000,0.0621,-0.087,-16.22,487
stockert_eme_2025_06_21_11_27_05_1299.500MHz_0.25Msps_ci16_le.chan1.sigmf-meta,2025-06-21T11:27:05.000,0.0644,-0.089,-10.4,438
stockert_radar_2025_09_10_20_18_26_1299.500MHz_0.25Msps_ci16_le.chan1.sigmf-meta,2025-09-10T20:18:26.000,0.0224,0.047,10.16,265
stockert_radar_2025_09_10_20_22_09_1299.500MHz_0.25Msps_ci16_le.chan1.sigmf-meta,2025-09-10T20:22:09.000,0.0229,0.046,21.21,195
stockert_radar_2025_09_10_20_22_51_1299.500MHz_0.25Msps_ci16_le.chan1.sigmf-meta,2025-09-10T20:22:51.000,0.0231,0.046,30.96,189
stockert_radar_2025_09_10_20_23_33_1299.500MHz_0.25Msps_ci16_le.chan1.sigmf-meta,2025-09-10T20:23:33.000,0.0231,0.046,-11.89,376
stockert_radar_2025_09_10_20_24_15_1299.500MHz_0.25Msps_ci16_le.chan1.sigmf-meta,2025-09-10T20:24:15.000,0.0234,0.046,18.92,243
stockert_radar_2025_09_10_20_24_57_1299.500MHz_0.25Msps_ci16_le.chan1.sigmf-meta,2025-09-10T20:24:57.000,0.0235,0.046,24.65,206
stockert_radar_2025_09_10_20_25_39_1299.500MHz_0.25Msps_ci16_le.chan1.sigmf-meta,2025-09-10T20:25:39.000,0.0236,0.046,26.36,190
stockert_radar_2025_09_10_20_26_21_1299.500MHz_0.25Msps_ci16_le.chan1.sigmf-meta,2025-09-10T20:26:21.000,0.0237,0.046,-9.98,378
stockert_radar_2025_09_10_20_27_03_1299.500MHz_0.25Msps_ci16_le.chan1.sigmf-meta,2025-09-10T20:27:03.000,0.0237,0.045,21.86,324
stockert_radar_2025_09_10_20_27_45_1299.500MHz_0.25Msps_ci16_le.chan1.sigmf-meta,2025-09-10T20:27:45.000,0.0238,0.045,29.75,165
stockert_radar_2025_09_10_20_28_27_1299.500MHz_0.25Msps_ci16_le.chan1.sigmf-meta,2025-09-10T20:28:27.000,0.0237,0.045,16.77,297
stockert_radar_2025_09_10_20_35_24_1299.500MHz_0.25Msps_ci16_le.chan1.sigmf-meta,2025-09-10T20:35:24.000,0.0248,0.044,16.8,215
stockert_radar_2025_09_11_05_45_15_1299.500MHz_0.25Msps_ci16_le.chan1.sigmf-meta,2025-09-11T05:45:15.000,0.0516,-0.063,-12.71,454
stockert_radar_2025_09_11_05_45_57_1299.500MHz_0.25Msps_ci16_le.chan1.sigmf-meta,2025-09-11T05:45:57.000,0.0521,-0.063,-7.94,349
stockert_radar_2025_09_11_05_46_39_1299.500MHz_0.25Msps_ci16_le.chan1.sigmf-meta,2025-09-11T05:46:39.000,0.0523,-0.063,-30.43,458
stockert_radar_2025_09_11_05_50_21_1299.500MHz_0.25Msps_ci16_le.chan1.sigmf-meta,2025-09-11T05:50:21.000,0.0545,-0.065,,0
stockert_radar_2025_09_11_05_51_03_1299.500MHz_0.25Msps_ci16_le.chan1.sigmf-meta,2025-09-11T05:51:03.000,0.0552,-0.066,-18.05,461
stockert_radar_2025_09_11_05_51_45_1299.500MHz_0.25Msps_ci16_le.chan1.sigmf-meta,2025-09-11T05:51:45.000,0.0552,-0.066,-21.21,449
stockert_radar_2025_09_11_05_52_27_1299.500MHz_0.25Msps_ci16_le.chan1.sigmf-meta,2025-09-11T05:52:27.000,0.0559,-0.066,-16.8,447
stockert_radar_2025_09_11_05_53_09_1299.500MHz_0.25Msps_ci16_le.chan1.sigmf-meta,2025-09-11T05:53:09.000,0.0563,-0.067,-12.42,422
stockert_radar_2025_09_11_05_53_51_1299.500MHz_0.25Msps_ci16_le.chan1.sigmf-meta,2025-09-11T05:53:51.000,0.0566,-0.067,-18.13,455
stockert_radar_2025_09_11_05_54_33_1299.500MHz_0.25Msps_ci16_le.chan1.sigmf-meta,2025-09-11T05:54:33.000,0.0573,-0.068,-6.68,329
stockert_radar_2025_09_11_05_55_15_1299.500MHz_0.25Msps_ci16_le.chan1.sigmf-meta,2025-09-11T05:55:15.000,0.0578,-0.068,-17.79,460
stockert_radar_2025_09_11_05_55_57_1299.500MHz_0.25Msps_ci16_le.chan1.sigmf-meta,2025-09-11T05:55:57.000,0.058,-0.068,-17.05,456
stockert_radar_2025_09_11_05_56_39_1299.500MHz_0.25Msps_ci16_le.chan1.sigmf-meta,2025-09-11T05:56:39.000,0.0585,-0.068,-14.52,460
stockert_radar_2025_09_11_06_25_19_1299.500MHz_0.25Msps_ci16_le.chan1.sigmf-meta,2025-09-11T06:25:19.000,0.0881,-0.082,-25.12,423
stockert_radar_2025_09_11_06_26_01_1299.500MHz_0.25Msps_ci16_le.chan1.sigmf-meta,2025-09-11T06:26:01.000,0.0896,-0.083,-15.44,404
stockert_radar_2025_09_11_06_26_43_1299.500MHz_0.25Msps_ci16_le.chan1.sigmf-meta,2025-09-11T06:26:43.000,0.0902,-0.083,-23.21,412
stockert_radar_2025_09_11_06_27_25_1299.500MHz_0.25Msps_ci16_le.chan1.sigmf-meta,2025-09-11T06:27:25.000,0.0914,-0.083,2.36,160
stockert_radar_2025_09_11_06_28_07_1299.500MHz_0.25Msps_ci16_le.chan1.sigmf-meta,2025-09-11T06:28:07.000,0.0921,-0.083,-13.4,288
stockert_radar_2025_09_11_06_28_49_1299.500MHz_0.25Msps_ci16_le.chan1.sigmf-meta,2025-09-11T06:28:49.000,0.0936,-0.083,-15.22,419
stockert_radar_2025_09_11_06_29_31_1299.500MHz_0.25Msps_ci16_le.chan1.sigmf-meta,2025-09-11T06:29:31.000,0.0949,-0.083,-4.24,253
stockert_radar_2025_09_11_06_30_13_1299.500MHz_0.25Msps_ci16_le.chan1.sigmf-meta,2025-09-11T06:30:13.000,0.0961,-0.083,-2.65,259
stockert_radar_2025_09_11_06_30_55_1299.500MHz_0.25Msps_ci16_le.chan1.sigmf-meta,2025-09-11T06:30:55.000,0.0973,-0.084,-8.61,381
stockert_radar_2025_09_11_06_31_37_1299.500MHz_0.25Msps_ci16_le.chan1.sigmf-meta,2025-09-11T06:31:37.000,0.0985,-0.084,-12.72,350
stockert_radar_2025_09_11_06_37_24_1299.500MHz_0.25Msps_ci16_le.chan1.sigmf-meta,2025-09-11T06:37:24.000,0.11,-0.083,,0
stockert_radar_2025_09_11_06_38_25_1299.500MHz_0.25Msps_ci16_le.chan1.sigmf-meta,2025-09-11T06:38:25.000,0.1118,-0.082,-19.03,247
stockert_radar_2025_09_11_06_39_21_1299.500MHz_0.25Msps_ci16_le.chan1.sigmf-meta,2025-09-11T06:39:21.000,0.1139,-0.082,-2.66,247
stockert_radar_2025_09_11_06_41_21_1299.500MHz_0.25Msps_ci16_le.chan1.sigmf-meta,2025-09-11T06:41:21.000,0.1186,-0.081,-14.96,406
stockert_radar_2025_09_11_06_42_14_1299.500MHz_0.25Msps_ci16_le.chan1.sigmf-meta,2025-09-11T06:42:14.000,0.1208,-0.08,-14.69,399
stockert_radar_2025_09_11_06_42_56_1299.500MHz_0.25Msps_ci16_le.chan1.sigmf-meta,2025-09-11T06:42:56.000,0.1225,-0.08,-15.15,475
stockert_radar_2025_09_11_06_43_38_1299.500MHz_0.25Msps_ci16_le.chan1.sigmf-meta,2025-09-11T06:43:38.000,0.1242,-0.079,-8.01,163
stockert_radar_2025_09_11_07_52_07_1299.500MHz_0.25Msps_ci16_le.chan1.sigmf-meta,2025-09-11T07:52:07.000,0.0556,0.283,-4.62,195
stockert_radar_2025_09_11_07_53_44_1299.500MHz_0.25Msps_ci16_le.chan1.sigmf-meta,2025-09-11T07:53:44.000,0.0504,0.279,-20.02,494
stockert_radar_2025_09_11_07_55_21_1299.500MHz_0.25Msps_ci16_le.chan1.sigmf-meta,2025-09-11T07:55:21.000,0.0453,0.274,-15.98,462
stockert_radar_2025_09_11_07_56_58_1299.500MHz_0.25Msps_ci16_le.chan1.sigmf-meta,2025-09-11T07:56:58.000,0.0406,0.269,-14.96,286
stockert_radar_2025_09_11_08_05_44_1299.500MHz_0.25Msps_ci16_le.chan1.sigmf-meta,2025-09-11T08:05:44.000,0.0212,0.241,,0
stockert_radar_2025_09_11_08_06_26_1299.500MHz_0.25Msps_ci16_le.chan1.sigmf-meta,2025-09-11T08:06:26.000,0.0199,0.238,-16.92,410
stockert_radar_2025_09_11_08_07_08_1299.500MHz_0.25Msps_ci16_le.chan1.sigmf-meta,2025-09-11T08:07:08.000,0.0187,0.236,-15.6,336
stockert_radar_2025_09_11_08_07_50_1299.500MHz_0.25Msps_ci16_le.chan1.sigmf-meta,2025-09-11T08:07:50.000,0.0177,0.234,-22.77,443
stockert_radar_2025_09_11_08_08_32_1299.500MHz_0.25Msps_ci16_le.chan1.sigmf-meta,2025-09-11T08:08:32.000,0.0166,0.232,2.42,134
stockert_radar_2025_09_11_08_09_14_1299.500MHz_0.25Msps_ci16_le.chan1.sigmf-meta,2025-09-11T08:09:14.000,0.0157,0.23,-16.64,465
stockert_radar_2025_09_11_08_09_56_1299.500MHz_0.25Msps_ci16_le.chan1.sigmf-meta,2025-09-11T08:09:56.000,0.0146,0.227,-25.77,422
stockert_radar_2025_09_11_08_10_38_1299.500MHz_0.25Msps_ci16_le.chan1.sigmf-meta,2025-09-11T08:10:38.000,0.0137,0.225,-19.55,455
stockert_radar_2025_09_11_08_11_20_1299.500MHz_0.25Msps_ci16_le.chan1.sigmf-meta,2025-09-11T08:11:20.000,0.0128,0.223,-30.45,416
stockert_radar_2025_09_11_08_12_02_1299.500MHz_0.25Msps_ci16_le.chan1.sigmf-meta,2025-09-11T08:12:02.000,0.0119,0.221,,0
stockert_radar_2025_09_16_13_22_02_1299.500MHz_0.25Msps_ci16_le.chan1.sigmf-meta,2025-09-16T13:22:02.000,0.0507,0.043,24.93,193
stockert_radar_2025_09_16_13_22_44_1299.500MHz_0.25Msps_ci16_le.chan1.sigmf-meta,2025-09-16T13:22:44.000,0.0507,0.044,-11.96,428
stockert_radar_2025_09_16_13_23_26_1299.500MHz_0.25Msps_ci16_le.chan1.sigmf-meta,2025-09-16T13:23:26.000,0.0506,0.044,4.86,293
stockert_radar_2025_09_16_13_24_08_1299.500MHz_0.25Msps_ci16_le.chan1.sigmf-meta,2025-09-16T13:24:08.000,0.0506,0.044,14.06,278
stockert_radar_2025_09_16_13_24_50_1299.500MHz_0.25Msps_ci16_le.chan1.sigmf-meta,2025-09-16T13:24:50.000,0.0505,0.045,-7.07,405
stockert_radar_2025_09_16_13_25_32_1299.500MHz_0.25Msps_ci16_le.chan1.sigmf-meta,2025-09-16T13:25:32.000,0.0503,0.045,-20.03,433
stockert_radar_2025_09_16_13_26_14_1299.500MHz_0.25Msps_ci16_le.chan1.sigmf-meta,2025-09-16T13:26:14.000,0.0503,0.045,18.23,223
stockert_radar_2025_09_16_13_26_56_1299.500MHz_0.25Msps_ci16_le.chan1.sigmf-meta,2025-09-16T13:26:56.000,0.0501,0.046,0.35,379
stockert_radar_2025_09_16_13_27_38_1299.500MHz_0.25Msps_ci16_le.chan1.sigmf-meta,2025-09-16T13:27:38.000,0.0501,0.046,-19.09,421
stockert_radar_2025_09_16_13_28_20_1299.500MHz_0.25Msps_ci16_le.chan1.sigmf-meta,2025-09-16T13:28:20.000,0.05,0.046,-22.62,425
stockert_radar_2025_09_16_13_55_52_1299.500MHz_0.25Msps_ci16_le.chan1.sigmf-meta,2025-09-16T13:55:52.000,0.0454,0.058,-15.26,427
stockert_radar_2025_09_16_13_57_38_1299.500MHz_0.25Msps_ci16_le.chan1.sigmf-meta,2025-09-16T13:57:38.000,0.0449,0.059,26.29,183
stockert_radar_2025_09_16_13_58_31_1299.500MHz_0.25Msps_ci16_le.chan1.sigmf-meta,2025-09-16T13:58:31.000,0.0448,0.059,-8.7,422
stockert_radar_2025_09_16_13_59_25_1299.500MHz_0.25Msps_ci16_le.chan1.sigmf-meta,2025-09-16T13:59:25.000,0.0448,0.059,-22.29,412
stockert_radar_2025_09_16_14_00_20_1299.500MHz_0.25Msps_ci16_le.chan1.sigmf-meta,2025-09-16T14:00:20.000,0.0446,0.06,15.64,271
stockert_radar_2025_09_16_14_01_12_1299.500MHz_0.25Msps_ci16_le.chan1.sigmf-meta,2025-09-16T14:01:12.000,0.0443,0.06,27.71,245
stockert_radar_2025_09_16_14_02_13_1299.500MHz_0.25Msps_ci16_le.chan1.sigmf-meta,2025-09-16T14:02:13.000,0.0441,0.06,-10.96,361
stockert_radar_2025_09_16_14_03_15_1299.500MHz_0.25Msps_ci16_le.chan1.sigmf-meta,2025-09-16T14:03:15.000,0.0439,0.061,10.01,327
stockert_radar_2025_09_16_14_04_14_1299.500MHz_0.25Msps_ci16_le.chan1.sigmf-meta,2025-09-16T14:04:14.000,0.0437,0.061,,0
stockert_radar_2025_09_16_14_05_14_1299.500MHz_0.25Msps_ci16_le.chan1.sigmf-meta,2025-09-16T14:05:14.000,0.0435,0.061,16.29,286
stockert_radar_2025_09_16_14_06_11_1299.500MHz_0.25Msps_ci16_le.chan1.sigmf-meta,2025-09-16T14:06:11.000,0.0433,0.062,8.67,337
