rx_file,rx_start_utc,span_field_hz,span_analytic_hz,ratio_err_pct
stockert_eme_2025_06_21_08_48_35_1299.500MHz_0.25Msps_ci16_le.chan1.sigmf-meta,2025-06-21T08:48:35.000,18.7792,18.5325,-1.313
stockert_eme_2025_06_21_08_54_34_1299.500MHz_0.25Msps_ci16_le.chan1.sigmf-meta,2025-06-21T08:54:34.000,18.4005,18.2797,-0.657
stockert_eme_2025_06_21_08_55_33_1299.500MHz_0.25Msps_ci16_le.chan1.sigmf-meta,2025-06-21T08:55:33.000,18.3589,18.2369,-0.664
stockert_eme_2025_06_21_08_56_32_1299.500MHz_0.25Msps_ci16_le.chan1.sigmf-meta,2025-06-21T08:56:32.000,18.4433,18.1938,-1.352
stockert_eme_2025_06_21_08_57_31_1299.500MHz_0.25Msps_ci16_le.chan1.sigmf-meta,2025-06-21T08:57:31.000,18.2718,18.1504,-0.664
stockert_eme_2025_06_21_08_58_30_1299.500MHz_0.25Msps_ci16_le.chan1.sigmf-meta,2025-06-21T08:58:30.000,18.2286,18.1067,-0.669
stockert_eme_2025_06_21_08_59_29_1299.500MHz_0.25Msps_ci16_le.chan1.sigmf-meta,2025-06-21T08:59:29.000,18.2962,18.0626,-1.277
stockert_eme_2025_06_21_09_00_28_1299.500MHz_0.25Msps_ci16_le.chan1.sigmf-meta,2025-06-21T09:00:28.000,18.174,18.0182,-0.857
stockert_eme_2025_06_21_09_01_27_1299.500MHz_0.25Msps_ci16_le.chan1.sigmf-meta,2025-06-21T09:01:27.000,18.1882,17.9735,-1.18
stockert_eme_2025_06_21_09_02_26_1299.500MHz_0.25Msps_ci16_le.chan1.sigmf-meta,2025-06-21T09:02:26.000,18.0473,17.9284,-0.658
stockert_eme_2025_06_21_09_03_25_1299.500MHz_0.25Msps_ci16_le.chan1.sigmf-meta,2025-06-21T09:03:25.000,18.1284,17.8831,-1.353
stockert_eme_2025_06_21_09_06_52_1299.500MHz_0.25Msps_ci16_le.chan1.sigmf-meta,2025-06-21T09:06:52.000,17.9675,17.7213,-1.371
stockert_eme_2025_06_21_09_46_51_1299.500MHz_0.25Msps_ci16_le.chan1.sigmf-meta,2025-06-21T09:46:51.000,15.7763,15.5626,-1.354
stockert_eme_2025_06_21_09_47_50_1299.500MHz_0.25Msps_ci16_le.chan1.sigmf-meta,2025-06-21T09:47:50.000,15.7492,15.5032,-1.562
stockert_eme_2025_06_21_09_48_49_1299.500MHz_0.25Msps_ci16_le.chan1.sigmf-meta,2025-06-21T09:48:49.000,15.6879,15.4436,-1.557
stockert_eme_2025_06_21_09_49_48_1299.500MHz_0.25Msps_ci16_le.chan1.sigmf-meta,2025-06-21T09:49:48.000,15.6077,15.3836,-1.436
stockert_eme_2025_06_21_09_50_47_1299.500MHz_0.25Msps_ci16_le.chan1.sigmf-meta,2025-06-21T09:50:47.000,15.5663,15.3234,-1.561
stockert_eme_2025_06_21_09_51_46_1299.500MHz_0.25Msps_ci16_le.chan1.sigmf-meta,2025-06-21T09:51:46.000,15.4201,15.2628,-1.02
stockert_eme_2025_06_21_09_52_45_1299.500MHz_0.25Msps_ci16_le.chan1.sigmf-meta,2025-06-21T09:52:45.000,15.3454,15.202,-0.935
stockert_eme_2025_06_21_09_53_44_1299.500MHz_0.25Msps_ci16_le.chan1.sigmf-meta,2025-06-21T09:53:44.000,15.388,15.1409,-1.606
stockert_eme_2025_06_21_09_54_43_1299.500MHz_0.25Msps_ci16_le.chan1.sigmf-meta,2025-06-21T09:54:43.000,15.3257,15.0795,-1.606
stockert_eme_2025_06_21_09_55_42_1299.500MHz_0.25Msps_ci16_le.chan1.sigmf-meta,2025-06-21T09:55:42.000,15.2406,15.0179,-1.462
stockert_eme_2025_06_21_09_58_25_1299.500MHz_0.25Msps_ci16_le.chan1.sigmf-meta,2025-06-21T09:58:25.000,15.093,14.8461,-1.636
stockert_eme_2025_06_21_10_01_49_1299.500MHz_0.25Msps_ci16_le.chan1.sigmf-meta,2025-06-21T10:01:49.000,14.8381,14.6281,-1.415
stockert_eme_2025_06_21_10_06_39_1299.500MHz_0.25Msps_ci16_le.chan1.sigmf-meta,2025-06-21T10:06:39.000,14.5309,14.3127,-1.502
stockert_eme_2025_06_21_10_09_25_1299.500MHz_0.25Msps_ci16_le.chan1.sigmf-meta,2025-06-21T10:09:25.000,14.3752,14.1293,-1.711
stockert_eme_2025_06_21_10_11_46_1299.500MHz_0.25Msps_ci16_le.chan1.sigmf-meta,2025-06-21T10:11:46.000,14.2188,13.9718,-1.737
stockert_eme_2025_06_21_10_14_34_1299.500MHz_0.25Msps_ci16_le.chan1.sigmf-meta,2025-06-21T10:14:34.000,14.0169,13.7823,-1.673
stockert_eme_2025_06_21_10_17_40_1299.500MHz_0.25Msps_ci16_le.chan1.sigmf-meta,2025-06-21T10:17:40.000,13.814,13.5702,-1.765
stockert_eme_2025_06_21_10_26_29_1299.500MHz_0.25Msps_ci16_le.chan1.sigmf-meta,2025-06-21T10:26:29.000,13.1921,12.9535,-1.809
stockert_eme_2025_06_21_10_44_00_1299.500MHz_0.25Msps_ci16_le.chan1.sigmf-meta,2025-06-21T10:44:00.000,11.9197,11.6742,-2.06
stockert_eme_2025_06_21_11_18_31_1299.500MHz_0.25Msps_ci16_le.chan1.sigmf-meta,2025-06-21T11:18:31.000,9.2022,8.987,-2.338
stockert_eme_2025_06_21_11_24_12_1299.500MHz_0.25Msps_ci16_le.chan1.sigmf-meta,2025-06-21T11:24:12.000,8.7359,8.5307,-2.349
stockert_eme_2025_06_21_11_27_05_1299.500MHz_0.25Msps_ci16_le.chan1.sigmf-meta,2025-06-21T11:27:05.000,8.5396,8.2985,-2.823
stockert_radar_2025_09_10_20_18_26_1299.500MHz_0.25Msps_ci16_le.chan1.sigmf-meta,2025-09-10T20:18:26.000,16.9306,16.7726,-0.933
stockert_radar_2025_09_10_20_22_09_1299.500MHz_0.25Msps_ci16_le.chan1.sigmf-meta,2025-09-10T20:22:09.000,16.8995,16.6899,-1.24
stockert_radar_2025_09_10_20_22_51_1299.500MHz_0.25Msps_ci16_le.chan1.sigmf-meta,2025-09-10T20:22:51.000,16.8794,16.675,-1.211
stockert_radar_2025_09_10_20_23_33_1299.500MHz_0.25Msps_ci16_le.chan1.sigmf-meta,2025-09-10T20:23:33.000,16.8532,16.6603,-1.144
stockert_radar_2025_09_10_20_24_15_1299.500MHz_0.25Msps_ci16_le.chan1.sigmf-meta,2025-09-10T20:24:15.000,16.8312,16.6459,-1.101
stockert_radar_2025_09_10_20_24_57_1299.500MHz_0.25Msps_ci16_le.chan1.sigmf-meta,2025-09-10T20:24:57.000,16.8188,16.6316,-1.113
stockert_radar_2025_09_10_20_25_39_1299.500MHz_0.25Msps_ci16_le.chan1.sigmf-meta,2025-09-10T20:25:39.000,16.8199,16.6176,-1.203
stockert_radar_2025_09_10_20_26_21_1299.500MHz_0.25Msps_ci16_le.chan1.sigmf-meta,2025-09-10T20:26:21.000,16.8128,16.6037,-1.244
stockert_radar_2025_09_10_20_27_03_1299.500MHz_0.25Msps_ci16_le.chan1.sigmf-meta,2025-09-10T20:27:03.000,16.7559,16.5901,-0.99
stockert_radar_2025_09_10_20_27_45_1299.500MHz_0.25Msps_ci16_le.chan1.sigmf-meta,2025-09-10T20:27:45.000,16.7816,16.5767,-1.221
stockert_radar_2025_09_10_20_28_27_1299.500MHz_0.25Msps_ci16_le.chan1.sigmf-meta,2025-09-10T20:28:27.000,16.7212,16.5635,-0.943
stockert_radar_2025_09_10_20_35_24_1299.500MHz_0.25Msps_ci16_le.chan1.sigmf-meta,2025-09-10T20:35:24.000,16.6483,16.4441,-1.226
stockert_radar_2025_09_11_05_45_15_1299.500MHz_0.25Msps_ci16_le.chan1.sigmf-meta,2025-09-11T05:45:15.000,9.7148,9.5004,-2.207
stockert_radar_2025_09_11_05_45_57_1299.500MHz_0.25Msps_ci16_le.chan1.sigmf-meta,2025-09-11T05:45:57.000,9.6621,9.4451,-2.246
stockert_radar_2025_09_11_05_46_39_1299.500MHz_0.25Msps_ci16_le.chan1.sigmf-meta,2025-09-11T05:46:39.000,9.583,9.3898,-2.016
stockert_radar_2025_09_11_05_50_21_1299.500MHz_0.25Msps_ci16_le.chan1.sigmf-meta,2025-09-11T05:50:21.000,9.2852,9.0964,-2.033
stockert_radar_2025_09_11_05_51_03_1299.500MHz_0.25Msps_ci16_le.chan1.sigmf-meta,2025-09-11T05:51:03.000,9.2229,9.0407,-1.976
stockert_radar_2025_09_11_05_51_45_1299.500MHz_0.25Msps_ci16_le.chan1.sigmf-meta,2025-09-11T05:51:45.000,9.1957,8.9849,-2.292
stockert_radar_2025_09_11_05_52_27_1299.500MHz_0.25Msps_ci16_le.chan1.sigmf-meta,2025-09-11T05:52:27.000,9.1349,8.9291,-2.252
stockert_radar_2025_09_11_05_53_09_1299.500MHz_0.25Msps_ci16_le.chan1.sigmf-meta,2025-09-11T05:53:09.000,9.0835,8.8732,-2.315
stockert_radar_2025_09_11_05_53_51_1299.500MHz_0.25Msps_ci16_le.chan1.sigmf-meta,2025-09-11T05:53:51.000,9.0342,8.8173,-2.401
stockert_radar_2025_09_11_05_54_33_1299.500MHz_0.25Msps_ci16_le.chan1.sigmf-meta,2025-09-11T05:54:33.000,8.952,8.7613,-2.13
stockert_radar_2025_09_11_05_55_15_1299.500MHz_0.25Msps_ci16_le.chan1.sigmf-meta,2025-09-11T05:55:15.000,8.9244,8.7053,-2.455
stockert_radar_2025_09_11_05_55_57_1299.500MHz_0.25Msps_ci16_le.chan1.sigmf-meta,2025-09-11T05:55:57.000,8.8534,8.6492,-2.307
stockert_radar_2025_09_11_05_56_39_1299.500MHz_0.25Msps_ci16_le.chan1.sigmf-meta,2025-09-11T05:56:39.000,8.8089,8.5931,-2.45
stockert_radar_2025_09_11_06_25_19_1299.500MHz_0.25Msps_ci16_le.chan1.sigmf-meta,2025-09-11T06:25:19.000,6.4974,6.28,-3.345
stockert_radar_2025_09_11_06_26_01_1299.500MHz_0.25Msps_ci16_le.chan1.sigmf-meta,2025-09-11T06:26:01.000,6.432,6.224,-3.233
stockert_radar_2025_09_11_06_26_43_1299.500MHz_0.25Msps_ci16_le.chan1.sigmf-meta,2025-09-11T06:26:43.000,6.381,6.1681,-3.336
stockert_radar_2025_09_11_06_27_25_1299.500MHz_0.25Msps_ci16_le.chan1.sigmf-meta,2025-09-11T06:27:25.000,6.3245,6.1123,-3.356
stockert_radar_2025_09_11_06_28_07_1299.500MHz_0.25Msps_ci16_le.chan1.sigmf-meta,2025-09-11T06:28:07.000,6.2105,6.0565,-2.48
stockert_radar_2025_09_11_06_28_49_1299.500MHz_0.25Msps_ci16_le.chan1.sigmf-meta,2025-09-11T06:28:49.000,6.205,6.0009,-3.29
stockert_radar_2025_09_11_06_29_31_1299.500MHz_0.25Msps_ci16_le.chan1.sigmf-meta,2025-09-11T06:29:31.000,6.1441,5.9453,-3.236
stockert_radar_2025_09_11_06_30_13_1299.500MHz_0.25Msps_ci16_le.chan1.sigmf-meta,2025-09-11T06:30:13.000,6.0898,5.8899,-3.283
stockert_radar_2025_09_11_06_30_55_1299.500MHz_0.25Msps_ci16_le.chan1.sigmf-meta,2025-09-11T06:30:55.000,5.9708,5.8345,-2.282
stockert_radar_2025_09_11_06_31_37_1299.500MHz_0.25Msps_ci16_le.chan1.sigmf-meta,2025-09-11T06:31:37.000,5.9715,5.7793,-3.218
stockert_radar_2025_09_11_06_37_24_1299.500MHz_0.25Msps_ci16_le.chan1.sigmf-meta,2025-09-11T06:37:24.000,5.4786,5.3283,-2.744
stockert_radar_2025_09_11_06_38_25_1299.500MHz_0.25Msps_ci16_le.chan1.sigmf-meta,2025-09-11T06:38:25.000,5.4291,5.2502,-3.296
stockert_radar_2025_09_11_06_39_21_1299.500MHz_0.25Msps_ci16_le.chan1.sigmf-meta,2025-09-11T06:39:21.000,5.3518,5.1789,-3.231
stockert_radar_2025_09_11_06_41_21_1299.500MHz_0.25Msps_ci16_le.chan1.sigmf-meta,2025-09-11T06:41:21.000,5.2396,5.0273,-4.053
stockert_radar_2025_09_11_06_42_14_1299.500MHz_0.25Msps_ci16_le.chan1.sigmf-meta,2025-09-11T06:42:14.000,5.1664,4.9609,-3.977
stockert_radar_2025_09_11_06_42_56_1299.500MHz_0.25Msps_ci16_le.chan1.sigmf-meta,2025-09-11T06:42:56.000,5.1163,4.9087,-4.058
stockert_radar_2025_09_11_06_43_38_1299.500MHz_0.25Msps_ci16_le.chan1.sigmf-meta,2025-09-11T06:43:38.000,5.0657,4.8566,-4.127
stockert_radar_2025_09_11_07_52_07_1299.500MHz_0.25Msps_ci16_le.chan1.sigmf-meta,2025-09-11T07:52:07.000,4.3028,4.078,-5.224
stockert_radar_2025_09_11_07_53_44_1299.500MHz_0.25Msps_ci16_le.chan1.sigmf-meta,2025-09-11T07:53:44.000,4.3877,4.1899,-4.508
stockert_radar_2025_09_11_07_55_21_1299.500MHz_0.25Msps_ci16_le.chan1.sigmf-meta,2025-09-11T07:55:21.000,4.5235,4.305,-4.831
stockert_radar_2025_09_11_07_56_58_1299.500MHz_0.25Msps_ci16_le.chan1.sigmf-meta,2025-09-11T07:56:58.000,4.5432,4.4229,-2.648
stockert_radar_2025_09_11_08_05_44_1299.500MHz_0.25Msps_ci16_le.chan1.sigmf-meta,2025-09-11T08:05:44.000,5.3308,5.1039,-4.256
stockert_radar_2025_09_11_08_06_26_1299.500MHz_0.25Msps_ci16_le.chan1.sigmf-meta,2025-09-11T08:06:26.000,5.3917,5.1608,-4.281
stockert_radar_2025_09_11_08_07_08_1299.500MHz_0.25Msps_ci16_le.chan1.sigmf-meta,2025-09-11T08:07:08.000,5.4217,5.218,-3.757
stockert_radar_2025_09_11_08_07_50_1299.500MHz_0.25Msps_ci16_le.chan1.sigmf-meta,2025-09-11T08:07:50.000,5.393,5.2756,-2.177
stockert_radar_2025_09_11_08_08_32_1299.500MHz_0.25Msps_ci16_le.chan1.sigmf-meta,2025-09-11T08:08:32.000,5.561,5.3334,-4.093
stockert_radar_2025_09_11_08_09_14_1299.500MHz_0.25Msps_ci16_le.chan1.sigmf-meta,2025-09-11T08:09:14.000,5.5881,5.3914,-3.52
stockert_radar_2025_09_11_08_09_56_1299.500MHz_0.25Msps_ci16_le.chan1.sigmf-meta,2025-09-11T08:09:56.000,5.564,5.4498,-2.052
stockert_radar_2025_09_11_08_10_38_1299.500MHz_0.25Msps_ci16_le.chan1.sigmf-meta,2025-09-11T08:10:38.000,5.7207,5.5084,-3.711
stockert_radar_2025_09_11_08_11_20_1299.500MHz_0.25Msps_ci16_le.chan1.sigmf-meta,2025-09-11T08:11:20.000,5.6859,5.5673,-2.086
stockert_radar_2025_09_11_08_12_02_1299.500MHz_0.25Msps_ci16_le.chan1.sigmf-meta,2025-09-11T08:12:02.000,5.7609,5.6264,-2.334
stockert_radar_2025_09_16_13_22_02_1299.500MHz_0.25Msps_ci16_le.chan1.sigmf-meta,2025-09-16T13:22:02.000,15.732,15.5837,-0.942
stockert_radar_2025_09_16_13_22_44_1299.500MHz_0.25Msps_ci16_le.chan1.sigmf-meta,2025-09-16T13:22:44.000,15.7353,15.5905,-0.92
stockert_radar_2025_09_16_13_23_26_1299.500MHz_0.25Msps_ci16_le.chan1.sigmf-meta,2025-09-16T13:23:26.000,15.7445,15.5974,-0.934
stockert_radar_2025_09_16_13_24_08_1299.500MHz_0.25Msps_ci16_le.chan1.sigmf-meta,2025-09-16T13:24:08.000,15.7651,15.6045,-1.018
stockert_radar_2025_09_16_13_24_50_1299.500MHz_0.25Msps_ci16_le.chan1.sigmf-meta,2025-09-16T13:24:50.000,15.7804,15.6118,-1.068
stockert_radar_2025_09_16_13_25_32_1299.500MHz_0.25Msps_ci16_le.chan1.sigmf-meta,2025-09-16T13:25:32.000,15.8002,15.6193,-1.145
stockert_radar_2025_09_16_13_26_14_1299.500MHz_0.25Msps_ci16_le.chan1.sigmf-meta,2025-09-16T13:26:14.000,15.8184,15.6269,-1.211
stockert_radar_2025_09_16_13_26_56_1299.500MHz_0.25Msps_ci16_le.chan1.sigmf-meta,2025-09-16T13:26:56.000,15.8432,15.6347,-1.316
stockert_radar_2025_09_16_13_27_38_1299.500MHz_0.25Msps_ci16_le.chan1.sigmf-meta,2025-09-16T13:27:38.000,15.858,15.6427,-1.358
stockert_radar_2025_09_16_13_28_20_1299.500MHz_0.25Msps_ci16_le.chan1.sigmf-meta,2025-09-16T13:28:20.000,15.8698,15.6509,-1.379
stockert_radar_2025_09_16_13_55_52_1299.500MHz_0.25Msps_ci16_le.chan1.sigmf-meta,2025-09-16T13:55:52.000,16.3329,16.1038,-1.403
stockert_radar_2025_09_16_13_57_38_1299.500MHz_0.25Msps_ci16_le.chan1.sigmf-meta,2025-09-16T13:57:38.000,16.4024,16.1412,-1.593
stockert_radar_2025_09_16_13_58_31_1299.500MHz_0.25Msps_ci16_le.chan1.sigmf-meta,2025-09-16T13:58:31.000,16.4241,16.1602,-1.607
stockert_radar_2025_09_16_13_59_25_1299.500MHz_0.25Msps_ci16_le.chan1.sigmf-meta,2025-09-16T13:59:25.000,16.327,16.1798,-0.901
stockert_radar_2025_09_16_14_00_20_1299.500MHz_0.25Msps_ci16_le.chan1.sigmf-meta,2025-09-16T14:00:20.000,16.4758,16.2001,-1.673
stockert_radar_2025_09_16_14_01_12_1299.500MHz_0.25Msps_ci16_le.chan1.sigmf-meta,2025-09-16T14:01:12.000,16.3607,16.2194,-0.864
stockert_radar_2025_09_16_14_02_13_1299.500MHz_0.25Msps_ci16_le.chan1.sigmf-meta,2025-09-16T14:02:13.000,16.4738,16.2424,-1.405
stockert_radar_2025_09_16_14_03_15_1299.500MHz_0.25Msps_ci16_le.chan1.sigmf-meta,2025-09-16T14:03:15.000,16.5152,16.2661,-1.508
stockert_radar_2025_09_16_14_04_14_1299.500MHz_0.25Msps_ci16_le.chan1.sigmf-meta,2025-09-16T14:04:14.000,16.5678,16.2889,-1.684
stockert_radar_2025_09_16_14_05_14_1299.500MHz_0.25Msps_ci16_le.chan1.sigmf-meta,2025-09-16T14:05:14.000,16.5902,16.3123,-1.675
stockert_radar_2025_09_16_14_06_11_1299.500MHz_0.25Msps_ci16_le.chan1.sigmf-meta,2025-09-16T14:06:11.000,16.6121,16.3349,-1.669
